{"codes": ["S11", "S12", "S14", "S15", "S16"],
 "latitudes": [0.67416, -3.01084, -3.6445, 26.13407, -8.97577],
 "longitudes": [-23.42456, -17.47753, 3.62981, 15.49649]}